{"start":{"afba7f34-1e45-465c-a6e9-34638b3f4e38":{"type":"SET","start":29.71799999475479},"c9b85c0c-feca-457f-9f8a-8d1b81e4d8ed":{"type":"SET","start":29.74524998664856},"d37c4dc6-d2a6-40e3-ac78-6310bf21ec42":{"type":"SET","start":29.75420904159546},"013778e4-ceae-493d-9d43-36a77bf7aa45":{"type":"SET","start":29.75900000333786},"d1694f72-2831-447b-a12f-9ffc7dea1746":{"type":"SET","start":29.763292014598846},"5ef49a5f-9d50-4052-8b75-529e9cbf552f":{"type":"SET","start":29.767791986465454},"7807e573-2eba-43a1-9a60-b637d39d9907":{"type":"SET","start":29.77204203605652},"afcbda9b-6509-477b-9a33-1d83d865ff13":{"type":"SET","start":29.777125000953674},"26566484-c4a0-4543-b276-05d920e1879b":{"type":"SET","start":29.873250007629395},"83ce8172-486b-49d6-8738-8250bf5656ec":{"type":"SET","start":30.184417009353638}},"end":{"afba7f34-1e45-465c-a6e9-34638b3f4e38":33.81400001049042,"c9b85c0c-feca-457f-9f8a-8d1b81e4d8ed":34.66987502574921,"d37c4dc6-d2a6-40e3-ac78-6310bf21ec42":35.08600002527237,"013778e4-ceae-493d-9d43-36a77bf7aa45":35.64066702127457,"d1694f72-2831-447b-a12f-9ffc7dea1746":36.08016699552536,"5ef49a5f-9d50-4052-8b75-529e9cbf552f":37.18758404254913,"7807e573-2eba-43a1-9a60-b637d39d9907":42.12075001001358,"afcbda9b-6509-477b-9a33-1d83d865ff13":45.08200001716614,"26566484-c4a0-4543-b276-05d920e1879b":45.614917039871216,"83ce8172-486b-49d6-8738-8250bf5656ec":46.40700000524521}}