{"start":{"5da125fe-1413-4954-9c85-7650b2455c80":{"type":"SET","start":30.510459005832672},"d39eef3b-9868-409a-8e9b-355103f75a61":{"type":"SET","start":30.539584040641785},"54a35961-72a6-47c5-b310-6982cbfc328a":{"type":"SET","start":30.549000024795532},"de324f2f-8776-4b1f-8352-a576ddb641ad":{"type":"SET","start":30.554334044456482},"bf5d7da1-395e-45fd-a81b-3bfb919e6899":{"type":"SET","start":30.55900001525879},"0644b3d9-53fb-4b0f-9a7c-eb21e5cf4fec":{"type":"SET","start":30.563666999340057},"f1fd3bfc-12bc-4c0a-aef4-3c69dc96300c":{"type":"SET","start":30.567959010601044},"b6461780-93de-48b5-ae87-bd12ca0c4116":{"type":"SET","start":30.573209047317505},"97dda91c-1ae6-4769-b4d8-b302390f3b14":{"type":"SET","start":30.671542048454285},"6cef890f-e2c0-4202-a9e8-ecc60b9c5182":{"type":"SET","start":30.98766702413559}},"end":{"5da125fe-1413-4954-9c85-7650b2455c80":35.00400000810623,"d39eef3b-9868-409a-8e9b-355103f75a61":36.37791705131531,"54a35961-72a6-47c5-b310-6982cbfc328a":37.19720900058746,"de324f2f-8776-4b1f-8352-a576ddb641ad":37.96491700410843,"bf5d7da1-395e-45fd-a81b-3bfb919e6899":39.11941701173782,"0644b3d9-53fb-4b0f-9a7c-eb21e5cf4fec":41.00041705369949,"f1fd3bfc-12bc-4c0a-aef4-3c69dc96300c":42.432750046253204,"b6461780-93de-48b5-ae87-bd12ca0c4116":43.74758404493332,"97dda91c-1ae6-4769-b4d8-b302390f3b14":46.32879203557968,"6cef890f-e2c0-4202-a9e8-ecc60b9c5182":47.22183400392532}}